<?xml version="1.0" ?>
<mujoco model="mujoco_panda_model">

    <include file="other/simple_scene.xml"/>
    <include file="panda/assets.xml"/>
    <compiler meshdir=""/>

    <option cone="elliptic" gravity="0 0 -9.81" timestep="0.001" integrator="Euler">
    </option>

    <worldbody>
        <include file="panda/arm_with_gripper_rigid.xml"/>
    </worldbody>

    <actuator>
        <include file="panda/actuators/torque_with_gripper.xml"/>
    </actuator>

    <sensor>
        <include file="panda/sensors/ft_sensor.xml" />
    </sensor>

</mujoco>
