<mujoco>

    <asset>
        <texture name="texplane" type="2d" builtin="checker" rgb1=".2 .3 .4" rgb2=".1 0.15 0.2"
                width="512" height="512"/>
        <material name="MatGnd" reflectance="0.5" texture="texplane" texrepeat="1 1" texuniform="true"/>


        
    </asset>

    <worldbody>
        <light pos="0 0 1000" castshadow="false"/>
        <!-- <light diffuse=".5 .5 .5" pos="0 0 3" dir="0 0 -1"/> -->
        <geom name="world_frame" pos="0 0 -0.02" size="5 5 10" material="MatGnd" type="plane" contype="1" conaffinity="1"/>

        <!-- <geom name="world_frame" pos="0 0 -0.1" size="5 5 10" material="MatGnd" type="plane" contype="1" conaffinity="1"/> -->

    </worldbody>
</mujoco>
